152712,549687,20685,DOORMAT RED RETROSPOT,2,4/11/2011 13:29,7.95,12363.0,Unspecified
152713,549687,22691,DOORMAT WELCOME SUNRISE,2,4/11/2011 13:29,7.95,12363.0,Unspecified
152714,549687,48116,DOORMAT MULTICOLOUR STRIPE,2,4/11/2011 13:29,7.95,12363.0,Unspecified
152715,549687,21213,PACK OF 72 SKULL CAKE CASES,24,4/11/2011 13:29,0.55,12363.0,Unspecified
152716,549687,21977,PACK OF 60 PINK PAISLEY CAKE CASES,24,4/11/2011 13:29,0.55,12363.0,Unspecified
152717,549687,21976,PACK OF 60 MUSHROOM CAKE CASES,24,4/11/2011 13:29,0.55,12363.0,Unspecified
152718,549687,21212,PACK OF 72 RETROSPOT CAKE CASES,24,4/11/2011 13:29,0.55,12363.0,Unspecified
152719,549687,84992,72 SWEETHEART FAIRY CAKE CASES,24,4/11/2011 13:29,0.55,12363.0,Unspecified
152720,549687,84991,60 TEATIME FAIRY CAKE CASES,24,4/11/2011 13:29,0.55,12363.0,Unspecified
152721,549687,21974,SET OF 36 PAISLEY FLOWER DOILIES,12,4/11/2011 13:29,1.45,12363.0,Unspecified
152722,549687,21973,SET OF 36 MUSHROOM PAPER DOILIES,12,4/11/2011 13:29,1.45,12363.0,Unspecified
152723,549687,21211,SET OF 72 SKULL PAPER  DOILIES,12,4/11/2011 13:29,1.45,12363.0,Unspecified
152724,549687,21124,SET/10 BLUE POLKADOT PARTY CANDLES,24,4/11/2011 13:29,1.25,12363.0,Unspecified
152725,549687,21122,SET/10 PINK POLKADOT PARTY CANDLES,24,4/11/2011 13:29,1.25,12363.0,Unspecified
152726,549687,21123,SET/10 IVORY POLKADOT PARTY CANDLES,24,4/11/2011 13:29,1.25,12363.0,Unspecified
152727,549687,21121,SET/10 RED POLKADOT PARTY CANDLES,24,4/11/2011 13:29,1.25,12363.0,Unspecified
184530,552695,22953,BIRTHDAY PARTY CORDON BARRIER TAPE,24,5/10/2011 15:31,1.25,16320.0,Unspecified
184531,552695,23078,ICE CREAM PEN LIP GLOSS ,24,5/10/2011 15:31,1.25,16320.0,Unspecified
184532,552695,22619,SET OF 6 SOLDIER SKITTLES,4,5/10/2011 15:31,3.75,16320.0,Unspecified
184533,552695,21888,BINGO SET,8,5/10/2011 15:31,3.75,16320.0,Unspecified
184534,552695,21890,S/6 WOODEN SKITTLES IN COTTON BAG,6,5/10/2011 15:31,3.25,16320.0,Unspecified
184535,552695,22620,4 TRADITIONAL SPINNING TOPS,12,5/10/2011 15:31,1.45,16320.0,Unspecified
184536,552695,21891,TRADITIONAL WOODEN SKIPPING ROPE,12,5/10/2011 15:31,1.45,16320.0,Unspecified
184537,552695,21705,BAG 500g SWIRLY MARBLES,12,5/10/2011 15:31,1.65,16320.0,Unspecified
184538,552695,21704,BAG 250g SWIRLY MARBLES,12,5/10/2011 15:31,0.85,16320.0,Unspecified
184539,552695,21703,BAG 125g SWIRLY MARBLES,12,5/10/2011 15:31,0.42,16320.0,Unspecified
184540,552695,22621,TRADITIONAL KNITTING NANCY,12,5/10/2011 15:31,1.65,16320.0,Unspecified
184541,552695,22150,3 STRIPEY MICE FELTCRAFT,6,5/10/2011 15:31,1.95,16320.0,Unspecified
184542,552695,23127,FELTCRAFT GIRL NICOLE KIT,4,5/10/2011 15:31,4.95,16320.0,Unspecified
184543,552695,23126,FELTCRAFT GIRL AMELIE KIT,4,5/10/2011 15:31,4.95,16320.0,Unspecified
184544,552695,20972,PINK CREAM FELT CRAFT TRINKET BOX ,12,5/10/2011 15:31,1.25,16320.0,Unspecified
184545,552695,22149,FELTCRAFT 6 FLOWER FRIENDS,12,5/10/2011 15:31,2.1,16320.0,Unspecified
184546,552695,22752,SET 7 BABUSHKA NESTING BOXES,4,5/10/2011 15:31,8.5,16320.0,Unspecified
184547,552695,22758,LARGE PURPLE BABUSHKA NOTEBOOK  ,12,5/10/2011 15:31,1.25,16320.0,Unspecified
184548,552695,22754,SMALL RED BABUSHKA NOTEBOOK ,12,5/10/2011 15:31,0.85,16320.0,Unspecified
184549,552695,22584,PACK OF 6 PANNETONE GIFT BOXES,12,5/10/2011 15:31,2.55,16320.0,Unspecified
184550,552695,22585,PACK OF 6 BIRDY GIFT TAGS,12,5/10/2011 15:31,1.25,16320.0,Unspecified
184551,552695,22815,CARD PSYCHEDELIC APPLES,12,5/10/2011 15:31,0.42,16320.0,Unspecified
184552,552695,16161U,WRAP SUKI AND FRIENDS,25,5/10/2011 15:31,0.42,16320.0,Unspecified
184553,552695,22707,WRAP MONSTER FUN ,25,5/10/2011 15:31,0.42,16320.0,Unspecified
184554,552695,22711,WRAP CIRCUS PARADE,25,5/10/2011 15:31,0.42,16320.0,Unspecified
184555,552695,22985,WRAP BILLBOARD FONTS DESIGN,25,5/10/2011 15:31,0.42,16320.0,Unspecified
184556,552695,22048,BIRTHDAY BANQUET GIFT WRAP,25,5/10/2011 15:31,0.42,16320.0,Unspecified
184557,552695,22986,GINGHAM ROSE WRAP,25,5/10/2011 15:31,0.42,16320.0,Unspecified
184558,552695,23233,WRAP POPPIES  DESIGN,25,5/10/2011 15:31,0.42,16320.0,Unspecified
184559,552695,23232,WRAP VINTAGE PETALS  DESIGN,25,5/10/2011 15:31,0.42,16320.0,Unspecified
184560,552695,22653,BUTTON BOX ,10,5/10/2011 15:31,1.95,16320.0,Unspecified
184561,552695,22652,TRAVEL SEWING KIT,10,5/10/2011 15:31,1.65,16320.0,Unspecified
184562,552695,22960,JAM MAKING SET WITH JARS,12,5/10/2011 15:31,3.75,16320.0,Unspecified
184563,552695,22989,SET 2 PANTRY DESIGN TEA TOWELS,6,5/10/2011 15:31,3.25,16320.0,Unspecified
184564,552695,22993,SET OF 4 PANTRY JELLY MOULDS,12,5/10/2011 15:31,1.25,16320.0,Unspecified
184565,552695,22924,FRIDGE MAGNETS LA VIE EN ROSE,12,5/10/2011 15:31,0.85,16320.0,Unspecified
184566,552695,23159,SET OF 5 PANCAKE DAY MAGNETS,12,5/10/2011 15:31,2.08,16320.0,Unspecified
184567,552695,21908,CHOCOLATE THIS WAY METAL SIGN,12,5/10/2011 15:31,2.1,16320.0,Unspecified
184568,552695,82582,AREA PATROLLED METAL SIGN,12,5/10/2011 15:31,2.1,16320.0,Unspecified
184569,552695,22413,METAL SIGN TAKE IT OR LEAVE IT ,6,5/10/2011 15:31,2.95,16320.0,Unspecified
184570,552695,21907,I'M ON HOLIDAY METAL SIGN,12,5/10/2011 15:31,2.1,16320.0,Unspecified
184571,552695,71459,HANGING JAM JAR T-LIGHT HOLDER,24,5/10/2011 15:31,0.85,16320.0,Unspecified
184572,552695,22485,SET OF 2 WOODEN MARKET CRATES,2,5/10/2011 15:31,12.75,16320.0,Unspecified
184573,552695,82482,WOODEN PICTURE FRAME WHITE FINISH,6,5/10/2011 15:31,2.55,16320.0,Unspecified
184574,552695,84879,ASSORTED COLOUR BIRD ORNAMENT,16,5/10/2011 15:31,1.69,16320.0,Unspecified
184575,552695,21497,FANCY FONTS BIRTHDAY WRAP,25,5/10/2011 15:31,0.42,16320.0,Unspecified
184576,552695,23231,WRAP DOILEY DESIGN,25,5/10/2011 15:31,0.42,16320.0,Unspecified
196612,553857,23090,VINTAGE GLASS T-LIGHT HOLDER,12,5/19/2011 13:30,0.83,,Unspecified
196613,553857,47021G,SET/6 BEAD COASTERS GAUZE BAG GOLD,48,5/19/2011 13:30,0.39,,Unspecified
196614,553857,79030D,TUMBLER BAROQUE,24,5/19/2011 13:30,0.39,,Unspecified
196615,553857,84877A,PINK ROUND COMPACT MIRROR,24,5/19/2011 13:30,1.25,,Unspecified
196616,553857,22178,VICTORIAN GLASS HANGING T-LIGHT,12,5/19/2011 13:30,1.25,,Unspecified
196617,553857,84913B,MINT GREEN ROSE TOWEL,8,5/19/2011 13:30,4.65,,Unspecified
196618,553857,85125,SMALL ROUND CUT GLASS CANDLESTICK,3,5/19/2011 13:30,4.95,,Unspecified
196619,553857,21380,WOODEN HAPPY BIRTHDAY GARLAND,6,5/19/2011 13:30,2.95,,Unspecified
196620,553857,47590A,BLUE HAPPY BIRTHDAY BUNTING,3,5/19/2011 13:30,5.45,,Unspecified
196621,553857,47590B,PINK HAPPY BIRTHDAY BUNTING,3,5/19/2011 13:30,5.45,,Unspecified
196622,553857,47369A,PINK GREEN EMBROIDERY COSMETIC BAG,6,5/19/2011 13:30,2.95,,Unspecified
233981,557499,23122,PARTY CHARMS 50 PIECES,12,6/20/2011 15:25,0.83,16320.0,Unspecified
233982,557499,23119,PACK OF 6 LARGE FRUIT STRAWS ,36,6/20/2011 15:25,0.62,16320.0,Unspecified
233983,557499,23108,SET OF 10 LED DOLLY LIGHTS,4,6/20/2011 15:25,6.25,16320.0,Unspecified
233984,557499,23240,SET OF 4 KNICK KNACK TINS DOILEY ,6,6/20/2011 15:25,4.15,16320.0,Unspecified
233985,557499,23237,SET OF 4 KNICK KNACK TINS LEAVES ,6,6/20/2011 15:25,4.15,16320.0,Unspecified
233986,557499,23239,SET OF 4 KNICK KNACK TINS POPPIES,6,6/20/2011 15:25,4.15,16320.0,Unspecified
233987,557499,23245,SET OF 3 REGENCY CAKE TINS,4,6/20/2011 15:25,4.95,16320.0,Unspecified
233988,557499,22627,MINT KITCHEN SCALES,2,6/20/2011 15:25,8.5,16320.0,Unspecified
233989,557499,22625,RED KITCHEN SCALES,2,6/20/2011 15:25,8.5,16320.0,Unspecified
257225,559521,21634,ASSORTED MINI MADRAS NOTEBOOK,24,7/8/2011 16:26,0.39,,Unspecified
257226,559521,21212,PACK OF 72 RETROSPOT CAKE CASES,13,7/8/2011 16:26,0.55,,Unspecified
257227,559521,22964,3 PIECE SPACEBOY COOKIE CUTTER SET,5,7/8/2011 16:26,2.1,,Unspecified
257228,559521,23254,CHILDRENS CUTLERY DOLLY GIRL ,5,7/8/2011 16:26,4.15,,Unspecified
257229,559521,23256,CHILDRENS CUTLERY SPACEBOY ,5,7/8/2011 16:26,4.15,,Unspecified
257230,559521,84378,SET OF 3 HEART COOKIE CUTTERS,7,7/8/2011 16:26,1.25,,Unspecified
257231,559521,20983,12 PENCILS TALL TUBE RED RETROSPOT,7,7/8/2011 16:26,0.85,,Unspecified
257232,559521,20982,12 PENCILS TALL TUBE SKULLS,7,7/8/2011 16:26,0.85,,Unspecified
257233,559521,22367,CHILDRENS APRON SPACEBOY DESIGN,6,7/8/2011 16:26,1.95,,Unspecified
257234,559521,20981,12 PENCILS TALL TUBE WOODLAND,7,7/8/2011 16:26,0.85,,Unspecified
257235,559521,22991,GIRAFFE WOODEN RULER,3,7/8/2011 16:26,1.95,,Unspecified
257236,559521,22992,REVOLVER WOODEN RULER ,5,7/8/2011 16:26,1.95,,Unspecified
257237,559521,21380,WOODEN HAPPY BIRTHDAY GARLAND,1,7/8/2011 16:26,2.95,,Unspecified
257238,559521,20869,GOLD FABRIC MIRROR,13,7/8/2011 16:26,0.39,,Unspecified
257239,559521,22621,TRADITIONAL KNITTING NANCY,10,7/8/2011 16:26,1.65,,Unspecified
257240,559521,21156,RETROSPOT CHILDRENS APRON,6,7/8/2011 16:26,1.95,,Unspecified
257241,559521,84548,CROCHET BEAR RED/BLUE  KEYRING,7,7/8/2011 16:26,1.65,,Unspecified
257242,559521,23007, SPACEBOY BABY GIFT SET,1,7/8/2011 16:26,16.95,,Unspecified
257243,559521,22759,SET OF 3 NOTEBOOKS IN PARCEL,8,7/8/2011 16:26,1.65,,Unspecified
257244,559521,20819,SILVER TEDDY BEAR,1,7/8/2011 16:26,3.75,,Unspecified
257245,559521,22196,SMALL HEART MEASURING SPOONS,1,7/8/2011 16:26,0.85,,Unspecified
257246,559521,21124,SET/10 BLUE POLKADOT PARTY CANDLES,1,7/8/2011 16:26,1.25,,Unspecified
257247,559521,23309,SET OF 60 I LOVE LONDON CAKE CASES ,1,7/8/2011 16:26,0.55,,Unspecified
257248,559521,22317,FIVE CATS HANGING DECORATION,1,7/8/2011 16:26,2.95,,Unspecified
257249,559521,22548,HEADS AND TAILS SPORTING FUN,6,7/8/2011 16:26,1.25,,Unspecified
257250,559521,21790,VINTAGE SNAP CARDS,8,7/8/2011 16:26,0.85,,Unspecified
257251,559521,21915,RED  HARMONICA IN BOX ,12,7/8/2011 16:26,1.25,,Unspecified
257252,559521,22437,SET OF 9 BLACK SKULL BALLOONS,2,7/8/2011 16:26,0.85,,Unspecified
257253,559521,20985,HEART CALCULATOR,12,7/8/2011 16:26,1.25,,Unspecified
257254,559521,22555,PLASTERS IN TIN STRONGMAN,6,7/8/2011 16:26,1.65,,Unspecified
257255,559521,21126,SET OF 6 GIRLS CELEBRATION CANDLES,5,7/8/2011 16:26,1.25,,Unspecified
257256,559521,22435,SET OF 9 HEART SHAPED BALLOONS,2,7/8/2011 16:26,1.25,,Unspecified
257257,559521,22553,PLASTERS IN TIN SKULLS,7,7/8/2011 16:26,1.65,,Unspecified
257258,559521,22434,BALLOON PUMP WITH 10 BALLOONS,6,7/8/2011 16:26,1.95,,Unspecified
257259,559521,22439,6 ROCKET BALLOONS ,40,7/8/2011 16:26,0.65,,Unspecified
257260,559521,21888,BINGO SET,4,7/8/2011 16:26,3.75,,Unspecified
257261,559521,23240,SET OF 4 KNICK KNACK TINS DOILEY ,3,7/8/2011 16:26,4.15,,Unspecified
257262,559521,21889,WOODEN BOX OF DOMINOES,7,7/8/2011 16:26,1.25,,Unspecified
257263,559521,22129,PARTY CONES CANDY TREE DECORATION,6,7/8/2011 16:26,0.85,,Unspecified
257264,559521,22128,PARTY CONES CANDY ASSORTED,6,7/8/2011 16:26,1.25,,Unspecified
257265,559521,84375,SET OF 20 KIDS COOKIE CUTTERS,1,7/8/2011 16:26,2.1,,Unspecified
257266,559521,23242,TREASURE TIN BUFFALO BILL ,1,7/8/2011 16:26,2.08,,Unspecified
257267,559521,21055,TOOL BOX SOFT TOY ,1,7/8/2011 16:26,8.95,,Unspecified
257268,559521,23128,FELTCRAFT BOY JEAN-PAUL KIT,1,7/8/2011 16:26,4.95,,Unspecified
257269,559521,23241,TREASURE TIN GYMKHANA DESIGN,1,7/8/2011 16:26,2.08,,Unspecified
257270,559521,20868,SILVER FABRIC MIRROR,13,7/8/2011 16:26,0.39,,Unspecified
257271,559521,22150,3 STRIPEY MICE FELTCRAFT,1,7/8/2011 16:26,1.95,,Unspecified
257272,559521,22620,4 TRADITIONAL SPINNING TOPS,5,7/8/2011 16:26,1.45,,Unspecified
257273,559521,21892,TRADITIONAL WOODEN CATCH CUP GAME ,8,7/8/2011 16:26,1.25,,Unspecified
257274,559521,20750,RED RETROSPOT MINI CASES,2,7/8/2011 16:26,7.95,,Unspecified
257275,559521,20749,ASSORTED COLOUR MINI CASES,2,7/8/2011 16:26,7.95,,Unspecified
257276,559521,21891,TRADITIONAL WOODEN SKIPPING ROPE,9,7/8/2011 16:26,1.45,,Unspecified
257277,559521,21056,DOCTOR'S BAG SOFT TOY,1,7/8/2011 16:26,8.95,,Unspecified
257278,559521,22196,SMALL HEART MEASURING SPOONS,7,7/8/2011 16:26,0.85,,Unspecified
257279,559521,21124,SET/10 BLUE POLKADOT PARTY CANDLES,7,7/8/2011 16:26,1.25,,Unspecified
257280,559521,21125,SET 6 FOOTBALL CELEBRATION CANDLES,6,7/8/2011 16:26,1.25,,Unspecified
257281,559521,22467,GUMBALL COAT RACK,6,7/8/2011 16:26,2.55,,Unspecified
257282,559521,22899,CHILDREN'S APRON DOLLY GIRL ,6,7/8/2011 16:26,2.1,,Unspecified
257283,559521,20725,LUNCH BAG RED RETROSPOT,7,7/8/2011 16:26,1.65,,Unspecified
257284,559521,84077,WORLD WAR 2 GLIDERS ASSTD DESIGNS,48,7/8/2011 16:26,0.29,,Unspecified
257285,559521,22662,LUNCH BAG DOLLY GIRL DESIGN,10,7/8/2011 16:26,1.65,,Unspecified
257286,559521,20727,LUNCH BAG  BLACK SKULL.,8,7/8/2011 16:26,1.65,,Unspecified
257287,559521,22262,FELT EGG COSY CHICKEN,1,7/8/2011 16:26,0.85,,Unspecified
257288,559521,22260,FELT EGG COSY BLUE RABBIT ,1,7/8/2011 16:26,0.85,,Unspecified
257289,559521,23192,BUNDLE OF 3 ALPHABET EXERCISE BOOKS,1,7/8/2011 16:26,1.65,,Unspecified
257290,559521,22911,PAPER CHAIN KIT LONDON,1,7/8/2011 16:26,2.95,,Unspecified
257291,559521,22085,PAPER CHAIN KIT SKULLS ,1,7/8/2011 16:26,2.95,,Unspecified
257292,559521,22276,WASH BAG VINTAGE ROSE PAISLEY,1,7/8/2011 16:26,2.55,,Unspecified
257293,559521,22570,FELTCRAFT CUSHION RABBIT,1,7/8/2011 16:26,3.75,,Unspecified
257294,559521,22083,PAPER CHAIN KIT RETROSPOT,1,7/8/2011 16:26,2.95,,Unspecified
257295,559521,23076,ICE CREAM SUNDAE LIP GLOSS,24,7/8/2011 16:26,1.25,,Unspecified
257296,559521,22197,POPCORN HOLDER,3,7/8/2011 16:26,0.85,,Unspecified
262994,559929,22960,JAM MAKING SET WITH JARS,6,7/14/2011 9:10,4.25,14265.0,Unspecified
262995,559929,16161P,WRAP ENGLISH ROSE ,25,7/14/2011 9:10,0.42,14265.0,Unspecified
262996,559929,21499,BLUE POLKADOT WRAP,25,7/14/2011 9:10,0.42,14265.0,Unspecified
262997,559929,21500,PINK POLKADOT WRAP ,25,7/14/2011 9:10,0.42,14265.0,Unspecified
262998,559929,21503,TOYBOX  WRAP ,25,7/14/2011 9:10,0.42,14265.0,Unspecified
262999,559929,22047,EMPIRE GIFT WRAP,25,7/14/2011 9:10,0.42,14265.0,Unspecified
263000,559929,22051,BLUE SCANDINAVIAN PAISLEY WRAP,25,7/14/2011 9:10,0.42,14265.0,Unspecified
263001,559929,22050,PINK PAISLEY ROSE GIFT WRAP,25,7/14/2011 9:10,0.42,14265.0,Unspecified
263002,559929,22709,WRAP WEDDING DAY,25,7/14/2011 9:10,0.42,14265.0,Unspecified
263003,559929,22485,SET OF 2 WOODEN MARKET CRATES,2,7/14/2011 9:10,12.75,14265.0,Unspecified
263004,559929,40001,WHITE BAMBOO RIBS LAMPSHADE,24,7/14/2011 9:10,0.85,14265.0,Unspecified
263005,559929,21628,TRIANGULAR POUFFE VINTAGE ,2,7/14/2011 9:10,14.95,14265.0,Unspecified
263006,559929,46000S,POLYESTER FILLER PAD 40x40cm,18,7/14/2011 9:10,1.45,14265.0,Unspecified
263007,559929,46000M,POLYESTER FILLER PAD 45x45cm,18,7/14/2011 9:10,1.55,14265.0,Unspecified
263008,559929,22423,REGENCY CAKESTAND 3 TIER,1,7/14/2011 9:10,12.75,14265.0,Unspecified
282730,561658,47563A,RETRO LONGBOARD IRONING BOARD COVER,1,7/28/2011 16:06,1.25,12743.0,Unspecified
282731,561658,23124,18PC WOODEN CUTLERY SET DISPOSABLE,1,7/28/2011 16:06,1.25,12743.0,Unspecified
282732,561658,47574A,ENGLISH ROSE SCENTED HANGING FLOWER,1,7/28/2011 16:06,0.75,12743.0,Unspecified
282733,561658,35968,FOLK ART METAL HEART T-LIGHT HOLDER,5,7/28/2011 16:06,0.38,12743.0,Unspecified
282734,561658,84559A,3D SHEET OF DOG STICKERS,1,7/28/2011 16:06,0.85,12743.0,Unspecified
282735,561658,21586,KINGS CHOICE GIANT TUBE MATCHES,1,7/28/2011 16:06,2.55,12743.0,Unspecified
282736,561658,21733,RED HANGING HEART T-LIGHT HOLDER,1,7/28/2011 16:06,2.95,12743.0,Unspecified
282737,561658,23268,SET OF 2 CERAMIC CHRISTMAS REINDEER,1,7/28/2011 16:06,1.45,12743.0,Unspecified
282738,561658,23210,WHITE ROCKING HORSE HAND PAINTED,1,7/28/2011 16:06,1.25,12743.0,Unspecified
282739,561658,22449,SILK PURSE BABUSHKA PINK,1,7/28/2011 16:06,3.35,12743.0,Unspecified
282740,561658,20886,BOX OF 9 PEBBLE CANDLES,1,7/28/2011 16:06,1.95,12743.0,Unspecified
282741,561658,84879,ASSORTED COLOUR BIRD ORNAMENT,3,7/28/2011 16:06,1.69,12743.0,Unspecified
282742,561658,21588,RETROSPOT GIANT TUBE MATCHES,1,7/28/2011 16:06,2.55,12743.0,Unspecified
282743,561658,47599B,BLUE PARTY BAGS ,1,7/28/2011 16:06,2.1,12743.0,Unspecified
282744,561658,22846,BREAD BIN DINER STYLE RED ,1,7/28/2011 16:06,16.95,12743.0,Unspecified
282745,561658,23336,EGG FRYING PAN PINK ,1,7/28/2011 16:06,2.08,12743.0,Unspecified
282746,561658,23338,EGG FRYING PAN RED ,1,7/28/2011 16:06,2.08,12743.0,Unspecified
282747,561658,23339,EGG FRYING PAN BLUE ,1,7/28/2011 16:06,2.08,12743.0,Unspecified
282748,561658,21033,JUMBO BAG CHARLIE AND LOLA TOYS,1,7/28/2011 16:06,2.08,12743.0,Unspecified
282749,561658,20679,EDWARDIAN PARASOL RED,1,7/28/2011 16:06,5.95,12743.0,Unspecified
282750,561658,22046,TEA PARTY  WRAPPING PAPER ,25,7/28/2011 16:06,0.42,12743.0,Unspecified
282751,561658,23546,WRAP PAISLEY PARK ,25,7/28/2011 16:06,0.42,12743.0,Unspecified
282752,561658,21108,FAIRY CAKE FLANNEL ASSORTED COLOUR,1,7/28/2011 16:06,2.55,12743.0,Unspecified
282753,561658,21002,ROSE DU SUD DRAWSTRING BAG,2,7/28/2011 16:06,4.25,12743.0,Unspecified
282754,561658,85212,MINI PAINTED GARDEN DECORATION ,12,7/28/2011 16:06,0.29,12743.0,Unspecified
282755,561658,21770,OPEN CLOSED METAL SIGN,1,7/28/2011 16:06,4.95,12743.0,Unspecified
282756,561658,22752,SET 7 BABUSHKA NESTING BOXES,1,7/28/2011 16:06,8.5,12743.0,Unspecified
282757,561658,21108,FAIRY CAKE FLANNEL ASSORTED COLOUR,1,7/28/2011 16:06,2.55,12743.0,Unspecified
282758,561658,22750,FELTCRAFT PRINCESS LOLA DOLL,1,7/28/2011 16:06,3.75,12743.0,Unspecified
282759,561658,84050,PINK HEART SHAPE EGG FRYING PAN,1,7/28/2011 16:06,1.65,12743.0,Unspecified
282760,561658,84813,SET OF 4 DIAMOND NAPKIN RINGS,1,7/28/2011 16:06,12.75,12743.0,Unspecified
282761,561658,23079,TOADSTOOL BEDSIDE LIGHT ,1,7/28/2011 16:06,8.95,12743.0,Unspecified
282762,561658,23014,GLASS APOTHECARY BOTTLE ELIXIR,1,7/28/2011 16:06,3.95,12743.0,Unspecified
282763,561658,85213,MINI  ZINC GARDEN DECORATIONS ,12,7/28/2011 16:06,0.29,12743.0,Unspecified
282764,561658,23068,ALUMINIUM STAMPED HEART,4,7/28/2011 16:06,2.49,12743.0,Unspecified
282765,561658,22139,RETROSPOT TEA SET CERAMIC 11 PC ,2,7/28/2011 16:06,4.95,12743.0,Unspecified
282766,561658,84912B,GREEN ROSE WASHBAG,1,7/28/2011 16:06,3.75,12743.0,Unspecified
282767,561658,22727,ALARM CLOCK BAKELIKE RED ,1,7/28/2011 16:06,3.75,12743.0,Unspecified
282768,561658,84559B,3D SHEET OF CAT STICKERS,1,7/28/2011 16:06,0.85,12743.0,Unspecified
282769,561658,84549,CROCHET WHITE RABBIT KEYRING ,1,7/28/2011 16:06,1.65,12743.0,Unspecified
282770,561658,22840,ROUND CAKE TIN VINTAGE RED,1,7/28/2011 16:06,7.95,12743.0,Unspecified
282771,561658,22604,SET OF 4 NAPKIN CHARMS CUTLERY,2,7/28/2011 16:06,2.55,12743.0,Unspecified
282772,561658,22902,TOTE BAG I LOVE LONDON,1,7/28/2011 16:06,2.1,12743.0,Unspecified
282773,561658,21065,BOOM BOX SPEAKER GIRLS,1,7/28/2011 16:06,5.95,12743.0,Unspecified
282774,561658,84012,MAGIC SHEEP WOOL GROWING FROM PAPER,1,7/28/2011 16:06,2.55,12743.0,Unspecified
282775,561658,47559B,TEA TIME OVEN GLOVE,1,7/28/2011 16:06,1.25,12743.0,Unspecified
282776,561658,82600,NO SINGING METAL SIGN,1,7/28/2011 16:06,2.1,12743.0,Unspecified
282777,561658,21592,RETROSPOT CIGAR BOX MATCHES ,1,7/28/2011 16:06,1.25,12743.0,Unspecified
282778,561658,21591,COSY HOUR CIGAR BOX MATCHES ,1,7/28/2011 16:06,1.25,12743.0,Unspecified
282779,561658,22585,PACK OF 6 BIRDY GIFT TAGS,1,7/28/2011 16:06,1.25,12743.0,Unspecified
282780,561658,23055,IVORY CHANDELIER T-LIGHT HOLDER,1,7/28/2011 16:06,6.25,12743.0,Unspecified
282781,561658,23083,SET 6 PAPER TABLE LANTERN STARS ,1,7/28/2011 16:06,3.75,12743.0,Unspecified
282782,561658,23082,SET 6 PAPER TABLE LANTERN HEARTS ,1,7/28/2011 16:06,3.75,12743.0,Unspecified
282783,561658,16012,FOOD/DRINK SPONGE STICKERS,24,7/28/2011 16:06,0.21,12743.0,Unspecified
282784,561658,22732,3D VINTAGE CHRISTMAS STICKERS ,1,7/28/2011 16:06,1.25,12743.0,Unspecified
282785,561658,22733,3D TRADITIONAL CHRISTMAS STICKERS,2,7/28/2011 16:06,1.25,12743.0,Unspecified
282786,561658,22320,BIRDS MOBILE VINTAGE DESIGN,1,7/28/2011 16:06,5.95,12743.0,Unspecified
282787,561658,21843,RED RETROSPOT CAKE STAND,1,7/28/2011 16:06,10.95,12743.0,Unspecified
282788,561658,22423,REGENCY CAKESTAND 3 TIER,1,7/28/2011 16:06,12.75,12743.0,Unspecified
282789,561658,20712,JUMBO BAG WOODLAND ANIMALS,1,7/28/2011 16:06,2.08,12743.0,Unspecified
282790,561658,22411,JUMBO SHOPPER VINTAGE RED PAISLEY,1,7/28/2011 16:06,2.08,12743.0,Unspecified
282791,561658,85172,HYACINTH BULB T-LIGHT CANDLES,16,7/28/2011 16:06,0.42,12743.0,Unspecified
282792,561658,23284,DOORMAT KEEP CALM AND COME IN,1,7/28/2011 16:06,7.95,12743.0,Unspecified
282793,561658,23202,JUMBO BAG VINTAGE LEAF,1,7/28/2011 16:06,2.08,12743.0,Unspecified
282794,561658,47599A,PINK PARTY BAGS,1,7/28/2011 16:06,2.1,12743.0,Unspecified
282795,561658,23211,RED ROCKING HORSE HAND PAINTED,1,7/28/2011 16:06,1.25,12743.0,Unspecified
282796,561658,22150,3 STRIPEY MICE FELTCRAFT,1,7/28/2011 16:06,1.95,12743.0,Unspecified
282797,561658,47348A,FUSCHIA VOILE POINTY SHOE DEC,1,7/28/2011 16:06,0.39,12743.0,Unspecified
282798,561658,22580,ADVENT CALENDAR GINGHAM SACK,1,7/28/2011 16:06,5.95,12743.0,Unspecified
282799,561658,22834,HAND WARMER BABUSHKA DESIGN,1,7/28/2011 16:06,2.1,12743.0,Unspecified
282800,561658,22325,MOBILE VINTAGE HEARTS ,1,7/28/2011 16:06,4.95,12743.0,Unspecified
282801,561658,23183,MOTHER'S KITCHEN SPOON REST ,1,7/28/2011 16:06,3.75,12743.0,Unspecified
282802,561658,22701,PINK DOG BOWL,1,7/28/2011 16:06,2.95,12743.0,Unspecified
282803,561658,22703,PINK CAT BOWL,1,7/28/2011 16:06,2.1,12743.0,Unspecified
282804,561658,23108,SET OF 10 LED DOLLY LIGHTS,1,7/28/2011 16:06,6.25,12743.0,Unspecified
282805,561658,22900,SET 2 TEA TOWELS I LOVE LONDON ,1,7/28/2011 16:06,3.25,12743.0,Unspecified
282806,561658,21064,BOOM BOX SPEAKER BOYS,1,7/28/2011 16:06,5.95,12743.0,Unspecified
282807,561658,22450,SILK PURSE BABUSHKA BLUE,1,7/28/2011 16:06,3.35,12743.0,Unspecified
282808,561658,84836,ZINC METAL HEART DECORATION,2,7/28/2011 16:06,1.25,12743.0,Unspecified
282809,561658,22700,BLACK AND WHITE DOG BOWL,1,7/28/2011 16:06,2.95,12743.0,Unspecified
282810,561658,22625,RED KITCHEN SCALES,1,7/28/2011 16:06,8.5,12743.0,Unspecified
282811,561658,23012,GLASS APOTHECARY BOTTLE PERFUME,1,7/28/2011 16:06,3.95,12743.0,Unspecified
282812,561658,79302M,"ART LIGHTS,FUNK MONKEY",1,7/28/2011 16:06,2.95,12743.0,Unspecified
282820,561661,22844,VINTAGE CREAM DOG FOOD CONTAINER,2,7/28/2011 16:21,8.5,12743.0,Unspecified
282821,561661,84879,ASSORTED COLOUR BIRD ORNAMENT,3,7/28/2011 16:21,1.69,12743.0,Unspecified
282822,561661,84821,DANISH ROSE DELUXE COASTER,1,7/28/2011 16:21,0.85,12743.0,Unspecified
282823,561661,79063C,"RETRO PILL BOX KEY CHAIN,THE KING",1,7/28/2011 16:21,0.19,12743.0,Unspecified
282824,561661,21931,JUMBO STORAGE BAG SUKI,1,7/28/2011 16:21,2.08,12743.0,Unspecified
282825,561661,22924,FRIDGE MAGNETS LA VIE EN ROSE,6,7/28/2011 16:21,0.85,12743.0,Unspecified
282826,561661,22289,HANGING METAL CHICKEN DECORATION,2,7/28/2011 16:21,1.25,12743.0,Unspecified
282827,561661,22288,HANGING METAL RABBIT DECORATION,2,7/28/2011 16:21,1.25,12743.0,Unspecified
282828,561661,22291,HANGING CHICK CREAM DECORATION,1,7/28/2011 16:21,1.45,12743.0,Unspecified
282829,561661,84459A,PINK METAL CHICKEN HEART ,2,7/28/2011 16:21,1.49,12743.0,Unspecified
282830,561661,22834,HAND WARMER BABUSHKA DESIGN,1,7/28/2011 16:21,2.1,12743.0,Unspecified
282831,561661,23343,JUMBO BAG VINTAGE CHRISTMAS ,1,7/28/2011 16:21,2.08,12743.0,Unspecified
282832,561661,23158,SET OF 5 LUCKY CAT MAGNETS ,1,7/28/2011 16:21,2.08,12743.0,Unspecified
282833,561661,23335,EGG FRYING PAN IVORY ,1,7/28/2011 16:21,2.08,12743.0,Unspecified
282834,561661,23339,EGG FRYING PAN BLUE ,1,7/28/2011 16:21,2.08,12743.0,Unspecified
282835,561661,22437,SET OF 9 BLACK SKULL BALLOONS,10,7/28/2011 16:21,0.85,12743.0,Unspecified
282836,561661,22288,HANGING METAL RABBIT DECORATION,5,7/28/2011 16:21,1.25,12743.0,Unspecified
282837,561661,22289,HANGING METAL CHICKEN DECORATION,2,7/28/2011 16:21,1.25,12743.0,Unspecified
282838,561661,23208,LUNCH BAG VINTAGE LEAF DESIGN,1,7/28/2011 16:21,1.65,12743.0,Unspecified
282839,561661,21260,FIRST AID TIN,1,7/28/2011 16:21,3.25,12743.0,Unspecified
282840,561661,21637,ASSORTED SANSKRIT MINI NOTEBOOK,18,7/28/2011 16:21,1.25,12743.0,Unspecified
282841,561661,23108,SET OF 10 LED DOLLY LIGHTS,1,7/28/2011 16:21,6.25,12743.0,Unspecified
282842,561661,85049A,TRADITIONAL CHRISTMAS RIBBONS,1,7/28/2011 16:21,1.25,12743.0,Unspecified
282843,561661,20679,EDWARDIAN PARASOL RED,1,7/28/2011 16:21,5.95,12743.0,Unspecified
282844,561661,23210,WHITE ROCKING HORSE HAND PAINTED,1,7/28/2011 16:21,1.25,12743.0,Unspecified
282845,561661,22906,12 MESSAGE CARDS WITH ENVELOPES,1,7/28/2011 16:21,1.65,12743.0,Unspecified
282846,561661,85180A,RED HEARTS LIGHT CHAIN ,2,7/28/2011 16:21,4.65,12743.0,Unspecified
282847,561661,85179A,GREEN BITTY LIGHT CHAIN,1,7/28/2011 16:21,4.65,12743.0,Unspecified
282848,561661,23079,TOADSTOOL BEDSIDE LIGHT ,1,7/28/2011 16:21,8.95,12743.0,Unspecified
282849,561661,22396,MAGNETS PACK OF 4 RETRO PHOTO,1,7/28/2011 16:21,0.39,12743.0,Unspecified
282850,561661,21591,COSY HOUR CIGAR BOX MATCHES ,1,7/28/2011 16:21,1.25,12743.0,Unspecified
282851,561661,84347,ROTATING SILVER ANGELS T-LIGHT HLDR,1,7/28/2011 16:21,2.55,12743.0,Unspecified
282852,561661,85175,CACTI T-LIGHT CANDLES,16,7/28/2011 16:21,0.42,12743.0,Unspecified
282853,561661,35646,VINTAGE BEAD PINK EVENING BAG,1,7/28/2011 16:21,1.25,12743.0,Unspecified
282854,561661,47343A,FUSCHIA FLOWER PURSE WITH BEADS,1,7/28/2011 16:21,0.83,12743.0,Unspecified
282855,561661,23188,VINTAGE  2 METER FOLDING RULER,1,7/28/2011 16:21,1.65,12743.0,Unspecified
282856,561661,22604,SET OF 4 NAPKIN CHARMS CUTLERY,2,7/28/2011 16:21,2.55,12743.0,Unspecified
282857,561661,22556,PLASTERS IN TIN CIRCUS PARADE ,1,7/28/2011 16:21,1.65,12743.0,Unspecified
282858,561661,22076,6 RIBBONS EMPIRE  ,3,7/28/2011 16:21,1.65,12743.0,Unspecified
282859,561661,85179C,PINK BITTY LIGHT CHAIN,1,7/28/2011 16:21,4.65,12743.0,Unspecified
282860,561661,21592,RETROSPOT CIGAR BOX MATCHES ,2,7/28/2011 16:21,1.25,12743.0,Unspecified
282861,561661,22906,12 MESSAGE CARDS WITH ENVELOPES,2,7/28/2011 16:21,1.65,12743.0,Unspecified
282862,561661,85180B,PINK HEARTS LIGHT CHAIN ,1,7/28/2011 16:21,4.65,12743.0,Unspecified
282863,561661,22497,SET OF 2 TINS VINTAGE BATHROOM ,1,7/28/2011 16:21,4.25,12743.0,Unspecified
282864,561661,21065,BOOM BOX SPEAKER GIRLS,1,7/28/2011 16:21,5.95,12743.0,Unspecified
282865,561661,84012,MAGIC SHEEP WOOL GROWING FROM PAPER,1,7/28/2011 16:21,2.55,12743.0,Unspecified
282866,561661,84559A,3D SHEET OF DOG STICKERS,1,7/28/2011 16:21,0.85,12743.0,Unspecified
282867,561661,23083,SET 6 PAPER TABLE LANTERN STARS ,1,7/28/2011 16:21,3.75,12743.0,Unspecified
282868,561661,22315,200 RED + WHITE BENDY STRAWS,1,7/28/2011 16:21,1.25,12743.0,Unspecified
282869,561661,23082,SET 6 PAPER TABLE LANTERN HEARTS ,1,7/28/2011 16:21,3.75,12743.0,Unspecified
282870,561661,21591,COSY HOUR CIGAR BOX MATCHES ,1,7/28/2011 16:21,1.25,12743.0,Unspecified
308304,563947,23236,STORAGE TIN VINTAGE DOILY ,24,8/22/2011 10:18,2.89,12363.0,Unspecified
308305,563947,21210,SET OF 72 RETROSPOT PAPER  DOILIES,12,8/22/2011 10:18,1.45,12363.0,Unspecified
308306,563947,23313,VINTAGE CHRISTMAS BUNTING,6,8/22/2011 10:18,4.95,12363.0,Unspecified
308307,563947,23318,BOX OF 6 MINI VINTAGE CRACKERS,12,8/22/2011 10:18,2.49,12363.0,Unspecified
308308,563947,22952,60 CAKE CASES VINTAGE CHRISTMAS,36,8/22/2011 10:18,0.55,12363.0,Unspecified
308309,563947,22950,36 DOILIES VINTAGE CHRISTMAS,12,8/22/2011 10:18,1.45,12363.0,Unspecified
308310,563947,23234,BISCUIT TIN VINTAGE CHRISTMAS,24,8/22/2011 10:18,2.89,12363.0,Unspecified
308799,564051,23355,HOT WATER BOTTLE KEEP CALM,4,8/22/2011 13:32,4.95,14265.0,Unspecified
308800,564051,22112,CHOCOLATE HOT WATER BOTTLE,3,8/22/2011 13:32,4.95,14265.0,Unspecified
308801,564051,22839,3 TIER CAKE TIN GREEN AND CREAM,1,8/22/2011 13:32,14.95,14265.0,Unspecified
308802,564051,22838,3 TIER CAKE TIN RED AND CREAM,1,8/22/2011 13:32,14.95,14265.0,Unspecified
308803,564051,22840,ROUND CAKE TIN VINTAGE RED,2,8/22/2011 13:32,7.95,14265.0,Unspecified
308804,564051,22841,ROUND CAKE TIN VINTAGE GREEN,2,8/22/2011 13:32,7.95,14265.0,Unspecified
308805,564051,22845,VINTAGE CREAM CAT FOOD CONTAINER,4,8/22/2011 13:32,6.35,14265.0,Unspecified
308806,564051,22853,CAT BOWL VINTAGE CREAM,6,8/22/2011 13:32,3.25,14265.0,Unspecified
308807,564051,23301,GARDENERS KNEELING PAD KEEP CALM ,12,8/22/2011 13:32,1.65,14265.0,Unspecified
308808,564051,23008,DOLLY GIRL BABY GIFT SET,1,8/22/2011 13:32,16.95,14265.0,Unspecified
308809,564051,23080,RED METAL BOX TOP SECRET,2,8/22/2011 13:32,8.25,14265.0,Unspecified
308810,564051,23007, SPACEBOY BABY GIFT SET,1,8/22/2011 13:32,16.95,14265.0,Unspecified
308811,564051,21833,CAMOUFLAGE LED TORCH,12,8/22/2011 13:32,1.69,14265.0,Unspecified
308812,564051,23081,GREEN METAL BOX ARMY SUPPLIES,2,8/22/2011 13:32,8.25,14265.0,Unspecified
308813,564051,23046,PAPER LANTERN 9 POINT DELUXE STAR,2,8/22/2011 13:32,6.65,14265.0,Unspecified
308814,564051,23045,PAPER LANTERN 5 POINT STAR MOON ,4,8/22/2011 13:32,4.15,14265.0,Unspecified
323392,565303,22904,CALENDAR PAPER CUT DESIGN,1,9/2/2011 12:17,2.95,,Unspecified
323393,565303,21329,DINOSAURS  WRITING SET ,1,9/2/2011 12:17,1.65,,Unspecified
323394,565303,21992,VINTAGE PAISLEY STATIONERY SET,1,9/2/2011 12:17,1.25,,Unspecified
323395,565303,20772,GARDEN PATH JOURNAL,1,9/2/2011 12:17,2.55,,Unspecified
323396,565303,23196,VINTAGE LEAF MAGNETIC NOTEPAD,1,9/2/2011 12:17,1.45,,Unspecified
323397,565303,22543,MINI JIGSAW BAKE A CAKE ,2,9/2/2011 12:17,0.42,,Unspecified
323398,565303,22539,MINI JIGSAW DOLLY GIRL,2,9/2/2011 12:17,0.42,,Unspecified
323399,565303,22544,MINI JIGSAW SPACEBOY,3,9/2/2011 12:17,0.42,,Unspecified
323400,565303,22541,MINI JIGSAW LEAP FROG,1,9/2/2011 12:17,0.42,,Unspecified
323401,565303,22540,MINI JIGSAW CIRCUS PARADE ,1,9/2/2011 12:17,0.42,,Unspecified
323402,565303,22537,MAGIC DRAWING SLATE DINOSAUR,2,9/2/2011 12:17,0.42,,Unspecified
323403,565303,22533,MAGIC DRAWING SLATE BAKE A CAKE ,2,9/2/2011 12:17,0.42,,Unspecified
323404,565303,22535,MAGIC DRAWING SLATE BUNNIES ,4,9/2/2011 12:17,0.42,,Unspecified
323405,565303,22536,MAGIC DRAWING SLATE PURDEY,2,9/2/2011 12:17,0.42,,Unspecified
323406,565303,22532,MAGIC DRAWING SLATE LEAP FROG ,2,9/2/2011 12:17,0.42,,Unspecified
323407,565303,22531,MAGIC DRAWING SLATE CIRCUS PARADE  ,2,9/2/2011 12:17,0.42,,Unspecified
323408,565303,22534,MAGIC DRAWING SLATE SPACEBOY ,2,9/2/2011 12:17,0.42,,Unspecified
323409,565303,22530,MAGIC DRAWING SLATE DOLLY GIRL ,2,9/2/2011 12:17,0.42,,Unspecified
323410,565303,22529,MAGIC DRAWING SLATE GO TO THE FAIR ,2,9/2/2011 12:17,0.42,,Unspecified
323411,565303,22540,MINI JIGSAW CIRCUS PARADE ,3,9/2/2011 12:17,0.42,,Unspecified
323412,565303,22746,POPPY'S PLAYHOUSE LIVINGROOM ,1,9/2/2011 12:17,2.1,,Unspecified
323413,565303,22748,POPPY'S PLAYHOUSE KITCHEN,1,9/2/2011 12:17,2.1,,Unspecified
323414,565303,22747,POPPY'S PLAYHOUSE BATHROOM,1,9/2/2011 12:17,2.1,,Unspecified
323415,565303,22745,POPPY'S PLAYHOUSE BEDROOM ,1,9/2/2011 12:17,2.1,,Unspecified
323416,565303,85227,SET OF 6 3D KIT CARDS FOR KIDS,1,9/2/2011 12:17,0.85,,Unspecified
323417,565303,84077,WORLD WAR 2 GLIDERS ASSTD DESIGNS,48,9/2/2011 12:17,0.29,,Unspecified
323418,565303,23309,SET OF 60 I LOVE LONDON CAKE CASES ,2,9/2/2011 12:17,0.55,,Unspecified
323419,565303,22437,SET OF 9 BLACK SKULL BALLOONS,10,9/2/2011 12:17,0.85,,Unspecified
323420,565303,84378,SET OF 3 HEART COOKIE CUTTERS,2,9/2/2011 12:17,1.45,,Unspecified
323421,565303,23307,SET OF 60 PANTRY DESIGN CAKE CASES ,2,9/2/2011 12:17,0.55,,Unspecified
323422,565303,21977,PACK OF 60 PINK PAISLEY CAKE CASES,2,9/2/2011 12:17,0.55,,Unspecified
323423,565303,21976,PACK OF 60 MUSHROOM CAKE CASES,2,9/2/2011 12:17,0.55,,Unspecified
323424,565303,21975,PACK OF 60 DINOSAUR CAKE CASES,2,9/2/2011 12:17,0.55,,Unspecified
323425,565303,84991,60 TEATIME FAIRY CAKE CASES,2,9/2/2011 12:17,0.55,,Unspecified
323426,565303,11001,ASSTD DESIGN RACING CAR PEN,16,9/2/2011 12:17,1.69,,Unspecified
323427,565303,22951,60 CAKE CASES DOLLY GIRL DESIGN,2,9/2/2011 12:17,0.55,,Unspecified
323428,565303,84375,SET OF 20 KIDS COOKIE CUTTERS,2,9/2/2011 12:17,2.1,,Unspecified
323429,565303,21559,STRAWBERRY LUNCH BOX WITH CUTLERY,2,9/2/2011 12:17,2.55,,Unspecified
323430,565303,21558,SKULL LUNCH BOX WITH CUTLERY ,1,9/2/2011 12:17,2.55,,Unspecified
323431,565303,22499,WOODEN UNION JACK BUNTING,1,9/2/2011 12:17,5.95,,Unspecified
323432,565303,22964,3 PIECE SPACEBOY COOKIE CUTTER SET,2,9/2/2011 12:17,2.1,,Unspecified
323433,565303,22911,PAPER CHAIN KIT LONDON,1,9/2/2011 12:17,2.95,,Unspecified
323434,565303,22549,PICTURE DOMINOES,2,9/2/2011 12:17,1.45,,Unspecified
323435,565303,23076,ICE CREAM SUNDAE LIP GLOSS,24,9/2/2011 12:17,1.25,,Unspecified
323436,565303,21912,VINTAGE SNAKES & LADDERS,2,9/2/2011 12:17,3.75,,Unspecified
323437,565303,21888,BINGO SET,2,9/2/2011 12:17,3.75,,Unspecified
323438,565303,23310,BUBBLEGUM RING ASSORTED,36,9/2/2011 12:17,0.42,,Unspecified
323439,565303,84997C,CHILDRENS CUTLERY POLKADOT BLUE,2,9/2/2011 12:17,4.15,,Unspecified
323440,565303,23254,CHILDRENS CUTLERY DOLLY GIRL ,2,9/2/2011 12:17,4.15,,Unspecified
323441,565303,23255,CHILDRENS CUTLERY CIRCUS PARADE,4,9/2/2011 12:17,4.15,,Unspecified
323442,565303,22083,PAPER CHAIN KIT RETROSPOT,2,9/2/2011 12:17,2.95,,Unspecified
323443,565303,85019B,BLOSSOM  IMAGES NOTEBOOK SET,2,9/2/2011 12:17,1.25,,Unspecified
323444,565303,21558,SKULL LUNCH BOX WITH CUTLERY ,1,9/2/2011 12:17,2.55,,Unspecified
323445,565303,22911,PAPER CHAIN KIT LONDON,3,9/2/2011 12:17,2.95,,Unspecified
323446,565303,85227,SET OF 6 3D KIT CARDS FOR KIDS,5,9/2/2011 12:17,0.85,,Unspecified
323447,565303,22196,SMALL HEART MEASURING SPOONS,1,9/2/2011 12:17,0.85,,Unspecified
323448,565303,20983,12 PENCILS TALL TUBE RED RETROSPOT,4,9/2/2011 12:17,0.85,,Unspecified
323449,565303,20977,36 PENCILS TUBE WOODLAND,4,9/2/2011 12:17,1.25,,Unspecified
323450,565303,20982,12 PENCILS TALL TUBE SKULLS,5,9/2/2011 12:17,0.85,,Unspecified
323451,565303,23084,RABBIT NIGHT LIGHT,1,9/2/2011 12:17,2.08,,Unspecified
323452,565303,22549,PICTURE DOMINOES,1,9/2/2011 12:17,1.45,,Unspecified
323453,565303,85227,SET OF 6 3D KIT CARDS FOR KIDS,4,9/2/2011 12:17,0.85,,Unspecified
323454,565303,22138,BAKING SET 9 PIECE RETROSPOT ,2,9/2/2011 12:17,4.95,,Unspecified
323455,565303,21889,WOODEN BOX OF DOMINOES,5,9/2/2011 12:17,1.25,,Unspecified
323456,565303,22550,HOLIDAY FUN LUDO,2,9/2/2011 12:17,3.75,,Unspecified
323457,565303,23127,FELTCRAFT GIRL NICOLE KIT,1,9/2/2011 12:17,4.95,,Unspecified
471665,576646,22326,ROUND SNACK BOXES SET OF4 WOODLAND ,6,11/16/2011 10:18,2.95,,Unspecified
471666,576646,20725,LUNCH BAG RED RETROSPOT,10,11/16/2011 10:18,1.65,,Unspecified
471667,576646,22628,PICNIC BOXES SET OF 3 RETROSPOT ,4,11/16/2011 10:18,4.95,,Unspecified
471668,576646,22631,CIRCUS PARADE LUNCH BOX ,12,11/16/2011 10:18,1.95,,Unspecified
471669,576646,84997D,CHILDRENS CUTLERY POLKADOT PINK,4,11/16/2011 10:18,4.15,,Unspecified
471670,576646,23254,CHILDRENS CUTLERY DOLLY GIRL ,4,11/16/2011 10:18,4.15,,Unspecified
471671,576646,23256,CHILDRENS CUTLERY SPACEBOY ,4,11/16/2011 10:18,4.15,,Unspecified
471672,576646,22555,PLASTERS IN TIN STRONGMAN,12,11/16/2011 10:18,1.65,,Unspecified
471673,576646,22554,PLASTERS IN TIN WOODLAND ANIMALS,12,11/16/2011 10:18,1.65,,Unspecified
471674,576646,22556,PLASTERS IN TIN CIRCUS PARADE ,12,11/16/2011 10:18,1.65,,Unspecified
471675,576646,20973,12 PENCIL SMALL TUBE WOODLAND,24,11/16/2011 10:18,0.65,,Unspecified
471676,576646,23371,SET 36 COLOUR PENCILS SPACEBOY ,16,11/16/2011 10:18,1.25,,Unspecified
471677,576646,20983,12 PENCILS TALL TUBE RED RETROSPOT,12,11/16/2011 10:18,0.85,,Unspecified
471678,576646,21890,S/6 WOODEN SKITTLES IN COTTON BAG,6,11/16/2011 10:18,3.25,,Unspecified
471679,576646,21891,TRADITIONAL WOODEN SKIPPING ROPE,12,11/16/2011 10:18,1.45,,Unspecified
471680,576646,21892,TRADITIONAL WOODEN CATCH CUP GAME ,12,11/16/2011 10:18,1.25,,Unspecified
471681,576646,22619,SET OF 6 SOLDIER SKITTLES,4,11/16/2011 10:18,3.75,,Unspecified
471682,576646,22620,4 TRADITIONAL SPINNING TOPS,12,11/16/2011 10:18,1.45,,Unspecified
471683,576646,22382,LUNCH BAG SPACEBOY DESIGN ,10,11/16/2011 10:18,1.65,,Unspecified
498749,578539,22150,3 STRIPEY MICE FELTCRAFT,6,11/24/2011 14:55,1.95,,Unspecified
498750,578539,20749,ASSORTED COLOUR MINI CASES,4,11/24/2011 14:55,7.95,,Unspecified
498751,578539,20750,RED RETROSPOT MINI CASES,4,11/24/2011 14:55,7.95,,Unspecified
498752,578539,23319,BOX OF 6 MINI 50'S CRACKERS,6,11/24/2011 14:55,2.49,,Unspecified
498753,578539,22745,POPPY'S PLAYHOUSE BEDROOM ,12,11/24/2011 14:55,2.1,,Unspecified
498754,578539,22748,POPPY'S PLAYHOUSE KITCHEN,12,11/24/2011 14:55,2.1,,Unspecified
498755,578539,22138,BAKING SET 9 PIECE RETROSPOT ,9,11/24/2011 14:55,4.95,,Unspecified
498756,578539,22559,SEASIDE FLYING DISC,12,11/24/2011 14:55,1.25,,Unspecified
498757,578539,21912,VINTAGE SNAKES & LADDERS,4,11/24/2011 14:55,3.75,,Unspecified
498758,578539,20975,12 PENCILS SMALL TUBE RED RETROSPOT,24,11/24/2011 14:55,0.65,,Unspecified
498759,578539,20981,12 PENCILS TALL TUBE WOODLAND,12,11/24/2011 14:55,0.85,,Unspecified
498760,578539,23318,BOX OF 6 MINI VINTAGE CRACKERS,6,11/24/2011 14:55,2.49,,Unspecified
498761,578539,22467,GUMBALL COAT RACK,6,11/24/2011 14:55,2.55,,Unspecified
498762,578539,23084,RABBIT NIGHT LIGHT,12,11/24/2011 14:55,2.08,,Unspecified
498763,578539,21731,RED TOADSTOOL LED NIGHT LIGHT,12,11/24/2011 14:55,1.65,,Unspecified
498764,578539,22555,PLASTERS IN TIN STRONGMAN,12,11/24/2011 14:55,1.65,,Unspecified
498765,578539,22557,PLASTERS IN TIN VINTAGE PAISLEY ,12,11/24/2011 14:55,1.65,,Unspecified
498766,578539,11001,ASSTD DESIGN RACING CAR PEN,16,11/24/2011 14:55,1.69,,Unspecified
498767,578539,23369,SET 36 COLOUR PENCILS LOVE LONDON,16,11/24/2011 14:55,1.25,,Unspecified
498768,578539,22529,MAGIC DRAWING SLATE GO TO THE FAIR ,24,11/24/2011 14:55,0.42,,Unspecified
498769,578539,22531,MAGIC DRAWING SLATE CIRCUS PARADE  ,24,11/24/2011 14:55,0.42,,Unspecified
498770,578539,22746,POPPY'S PLAYHOUSE LIVINGROOM ,12,11/24/2011 14:55,2.1,,Unspecified
498771,578539,22540,MINI JIGSAW CIRCUS PARADE ,24,11/24/2011 14:55,0.42,,Unspecified
498772,578539,22541,MINI JIGSAW LEAP FROG,24,11/24/2011 14:55,0.42,,Unspecified
498773,578539,23569,TRADTIONAL ALPHABET STAMP SET,4,11/24/2011 14:55,4.95,,Unspecified
498774,578539,23507,MINI PLAYING CARDS BUFFALO BILL ,20,11/24/2011 14:55,0.42,,Unspecified
498775,578539,21889,WOODEN BOX OF DOMINOES,12,11/24/2011 14:55,1.25,,Unspecified
498776,578539,21914,BLUE HARMONICA IN BOX ,12,11/24/2011 14:55,1.25,,Unspecified
498777,578539,22619,SET OF 6 SOLDIER SKITTLES,4,11/24/2011 14:55,3.75,,Unspecified
498778,578539,22560,TRADITIONAL MODELLING CLAY,24,11/24/2011 14:55,1.25,,Unspecified
498779,578539,23570,TRADITIONAL PICK UP STICKS GAME ,12,11/24/2011 14:55,1.25,,Unspecified
498780,578539,23571,TRADITIONAL NAUGHTS & CROSSES,12,11/24/2011 14:55,1.65,,Unspecified
498781,578539,84992,72 SWEETHEART FAIRY CAKE CASES,24,11/24/2011 14:55,0.55,,Unspecified
498782,578539,23309,SET OF 60 I LOVE LONDON CAKE CASES ,24,11/24/2011 14:55,0.55,,Unspecified
